브랜드 ,상품명,판매량 합계,판매순위,
주식회사럼블,제이픽스 MJ 인테리어 체어 의자 1p 3color#색상선택:크림1p,38,1,https://cdn-pro-web-209-40.cdn-nhncommerce.com/edftr76860385_godomall_com/data/goods/22/12/50/16341/t50_16341_list_043.jpg#http://edftr76860385.godomall.com/goods/goods_view.php?goodsNo=16341
더나무,아마즈 서랍장 3단 600#색상:화이트+오크i,22,2,https://cdn-pro-web-209-40.cdn-nhncommerce.com/edftr76860385_godomall_com/data/goods/23/01/02/16779/t50_16779_list_034.jpg#http://edftr76860385.godomall.com/goods/goods_view.php?goodsNo=16779
청송방,헬리빈 더치커피 파우치 7종 84팩 세트# ,15,3,https://cdn-pro-web-209-40.cdn-nhncommerce.com/edftr76860385_godomall_com/data/goods/23/04/17/21273/t50_21273_list_033.jpg#http://edftr76860385.godomall.com/goods/goods_view.php?goodsNo=21273
더나무,아마즈 좌식 화장대#색상:화이트is,14,4,https://cdn-pro-web-209-40.cdn-nhncommerce.com/edftr76860385_godomall_com/data/goods/23/01/02/16789/t50_16789_list_049.jpg#http://edftr76860385.godomall.com/goods/goods_view.php?goodsNo=16789
소티디자인,디너스 원목 식탁의자 - 2개# ,14,4,https://cdn-pro-web-209-40.cdn-nhncommerce.com/edftr76860385_godomall_com/data/goods/t50_11585_list_05.jpg#http://edftr76860385.godomall.com/goods/goods_view.php?goodsNo=11585
프린홈,위크 LED 리노 서랍 침대 SS/Q (매트선택)#사이즈:퀸 Q_매트리스:침대프레임 (매트제외)_색상:화이트,13,6,https://cdn-pro-web-209-40.cdn-nhncommerce.com/edftr76860385_godomall_com/data/goods/23/01/05/16902/t50_16901_list_035.jpg#http://edftr76860385.godomall.com/goods/goods_view.php?goodsNo=16902
주식회사_홍시,매트리스 #:슈퍼싱글(SS) 본넬양면 매트리스,11,7,https://cdn-pro-web-209-40.cdn-nhncommerce.com/edftr76860385_godomall_com/data/commonimg/ico_noimg_35.gif#javascript:void();
더나무,아키 5단 600 서랍장#색상:화이트i,10,8,https://cdn-pro-web-209-40.cdn-nhncommerce.com/edftr76860385_godomall_com/data/goods/23/01/02/16777/t50_16777_list_068.jpg#http://edftr76860385.godomall.com/goods/goods_view.php?goodsNo=16777
주식회사럼블,제이픽스 MJ 인테리어 체어 의자 1p 3color#색상선택:핑크1p,10,8,https://cdn-pro-web-209-40.cdn-nhncommerce.com/edftr76860385_godomall_com/data/goods/22/12/50/16341/t50_16341_list_043.jpg#http://edftr76860385.godomall.com/goods/goods_view.php?goodsNo=16341
주식회사_홍시,매트리스 #:슈퍼싱글(SS) 포켓+CL40T 매트리스,10,8,https://cdn-pro-web-209-40.cdn-nhncommerce.com/edftr76860385_godomall_com/data/commonimg/ico_noimg_35.gif#javascript:void();
소티디자인,디프2 속깊은 5단 서랍장 600 - 2color#색상:크림,10,8,https://cdn-pro-web-209-40.cdn-nhncommerce.com/edftr76860385_godomall_com/data/goods/t50_11545_list_095.jpg#http://edftr76860385.godomall.com/goods/goods_view.php?goodsNo=11545
파로마,36.5 알러지케어 매트리스 방수커버 슈퍼싱글SS / 퀸Q#사이즈선택:슈퍼싱글 SS,9,12,https://cdn-pro-web-209-40.cdn-nhncommerce.com/edftr76860385_godomall_com/data/goods/23/02/06/18112/t50_18112_list_07.jpg#http://edftr76860385.godomall.com/goods/goods_view.php?goodsNo=18112
슬립아워랩,36.5 알러지케어 매트리스 방수커버 슈퍼싱글SS / 퀸Q#사이즈선택:슈퍼싱글 SS,9,12,https://cdn-pro-web-209-40.cdn-nhncommerce.com/edftr76860385_godomall_com/data/goods/23/02/06/18112/t50_18112_list_07.jpg#http://edftr76860385.godomall.com/goods/goods_view.php?goodsNo=18112
청송방,바이안 알파고 고정 팔무 강의실의자 회의실의자 강의실의자#선택:레드,8,14,https://cdn-pro-web-209-40.cdn-nhncommerce.com/edftr76860385_godomall_com/data/goods/23/01/01/16653/t50_16653_list_0100.jpg#http://edftr76860385.godomall.com/goods/goods_view.php?goodsNo=16653
청송방,바이안 알파고 고정 팔무 강의실의자 회의실의자 강의실의자#선택:블루,8,14,https://cdn-pro-web-209-40.cdn-nhncommerce.com/edftr76860385_godomall_com/data/goods/23/01/01/16653/t50_16653_list_0100.jpg#http://edftr76860385.godomall.com/goods/goods_view.php?goodsNo=16653
바우미스트,바움A 원목 디자인 의자 체어# ,8,14,https://cdn-pro-web-209-40.cdn-nhncommerce.com/edftr76860385_godomall_com/data/goods/22/01/01//12290/t50_register_list_057.jpg#http://edftr76860385.godomall.com/goods/goods_view.php?goodsNo=12290
플라우드홈,프리미엄 모던 서랍장 3단/5단 (비스포크/틈새/미니서랍장..#단수:3단_색상:크림화이트,8,14,https://cdn-pro-web-209-40.cdn-nhncommerce.com/edftr76860385_godomall_com/data/goods/22/11/46/15949/t50_15949_list_072.jpg#http://edftr76860385.godomall.com/goods/goods_view.php?goodsNo=15949
디자이너스룸,스칸디 피노 식탁 의자# ,7,18,https://cdn-pro-web-209-40.cdn-nhncommerce.com/edftr76860385_godomall_com/data/goods/23/03/13/20272/t50_20272_list_092.jpg#http://edftr76860385.godomall.com/goods/goods_view.php?goodsNo=20272
소티디자인,하임 주방 수납장 800 - 크림화이트# ,7,18,https://cdn-pro-web-209-40.cdn-nhncommerce.com/edftr76860385_godomall_com/data/goods/22/11/45/15753/t50_15753_list_09.jpg#http://edftr76860385.godomall.com/goods/goods_view.php?goodsNo=15753
소티디자인,문라이트 수납장 전신거울 - 3color#색상:아이보리,7,18,https://cdn-pro-web-209-40.cdn-nhncommerce.com/edftr76860385_godomall_com/data/goods/t50_11679_list_071.jpg#http://edftr76860385.godomall.com/goods/goods_view.php?goodsNo=11679
프린홈,웨인스 사이드협탁#색상:화이트,7,18,https://cdn-pro-web-209-40.cdn-nhncommerce.com/edftr76860385_godomall_com/data/goods/23/02/08/18382/t50_18382_list_014.jpg#http://edftr76860385.godomall.com/goods/goods_view.php?goodsNo=18382
허그체어,알라딘 매쉬의자 D300MB 사무실 컴퓨터 책상의자#색상 선택:알라딘(블랙매쉬),6,22,https://cdn-pro-web-209-40.cdn-nhncommerce.com/edftr76860385_godomall_com/data/goods/23/02/06/18130/t50_18130_list_052.jpg#http://edftr76860385.godomall.com/goods/goods_view.php?goodsNo=18130
주식회사럼블,제이픽스 초간단! 셀프 인테리어 붙이는 템바보드 (500x2440) 4type / ..#모양선택:원형 20mm_색상선택:베이비핑크_재단선택:재단없음,6,22,https://cdn-pro-web-209-40.cdn-nhncommerce.com/edftr76860385_godomall_com/data/goods/23/02/06/16958/t50_16958_list_056.jpg#http://edftr76860385.godomall.com/goods/goods_view.php?goodsNo=16958
스타일러그,데일리 장모 샤기 워셔블 러그#색상:그린_사이즈:170x230,6,22,https://cdn-pro-web-209-40.cdn-nhncommerce.com/edftr76860385_godomall_com/data/goods/23/01/01/16628/t50_16628_list_088.jpg#http://edftr76860385.godomall.com/goods/goods_view.php?goodsNo=16628
청송방,바이안 하모니 책상 회사 컴퓨터 사무 메쉬 의자#선택:블랙,6,22,https://cdn-pro-web-209-40.cdn-nhncommerce.com/edftr76860385_godomall_com/data/goods/23/02/06/16998/t50_16998_list_013.jpg#http://edftr76860385.godomall.com/goods/goods_view.php?goodsNo=16998
케이컴퍼니,심플비400/800 LPM장롱 시리즈#상품:800긴문옷장_색상:화이트,6,22,https://kcompany.godohosting.com/kmall/simplebe/list/all_1000_4.jpg#http://edftr76860385.godomall.com/goods/goods_view.php?goodsNo=16846
주식회사_홍시,리퍼상품 리브우드 S급_A급 LED 헤드 3단수납침대 SS/Q 프레임 (매트리..#리퍼브등급:S급 리퍼브 헤드타입 수피아_사이즈 + 컬러:슈퍼싱글(SS) + 화이트(WHITE),6,22,https://cdn-pro-web-209-40.cdn-nhncommerce.com/edftr76860385_godomall_com/data/goods/23/04/17/21322/t50_21322_list_068.jpg#http://edftr76860385.godomall.com/goods/goods_view.php?goodsNo=21322
소티디자인,비비앙2 광폭 5단 서랍장 870 - 아이보리# ,6,22,https://cdn-pro-web-209-40.cdn-nhncommerce.com/edftr76860385_godomall_com/data/goods/22/05/20/15206/t50_15206_list_094.jpg#http://edftr76860385.godomall.com/goods/goods_view.php?goodsNo=15206
주식회사_홍시,리브우드 원목 3단수납침대 LED 조명 헤드 SS/Q 프레임 (매트리스 선택)#사이즈 + 헤드타입:슈퍼싱글(SS) + 마스(Mars),6,22,https://cdn-pro-web-209-40.cdn-nhncommerce.com/edftr76860385_godomall_com/data/goods/23/03/11/18775/t50_18775_list_048.jpg#http://edftr76860385.godomall.com/goods/goods_view.php?goodsNo=18775
주식회사럼블,제이픽스 MJ 인테리어 체어 의자 1p 3color#색상선택:그레이1p,6,22,https://cdn-pro-web-209-40.cdn-nhncommerce.com/edftr76860385_godomall_com/data/goods/22/12/50/16341/t50_16341_list_043.jpg#http://edftr76860385.godomall.com/goods/goods_view.php?goodsNo=16341
주식회사_홍시,로티에 뮤즈 아쿠아패브릭 4인용 소파 무빙헤드 헤드틸팅 쇼파#컬러 + 스툴선택:아이보리 + 스툴미포함,6,22,https://cdn-pro-web-209-40.cdn-nhncommerce.com/edftr76860385_godomall_com/data/goods/23/03/11/18713/t50_18713_list_051.jpg#http://edftr76860385.godomall.com/goods/goods_view.php?goodsNo=18713
슬립아워랩,36.5 알러지케어 매트리스 방수커버 퀸Q#사이즈선택:퀸 Q,6,22,https://cdn-pro-web-209-40.cdn-nhncommerce.com/edftr76860385_godomall_com/data/goods/23/02/06/18112/t50_18112_list_07.jpg#http://edftr76860385.godomall.com/goods/goods_view.php?goodsNo=18112
주식회사_홍시,리브우드 디오네 LED 헤드 3단수납침대 SS/Q 프레임 (매트리스 선택)#사이즈 + 컬러:슈퍼싱글(SS) + 아카시아,6,22,https://cdn-pro-web-209-40.cdn-nhncommerce.com/edftr76860385_godomall_com/data/goods/23/04/13/20300/t50_20300_list_045.jpg#http://edftr76860385.godomall.com/goods/goods_view.php?goodsNo=20300
소티디자인,딥와이드2 광폭 5단 서랍장 870# ,6,22,https://cdn-pro-web-209-40.cdn-nhncommerce.com/edftr76860385_godomall_com/data/goods/t50_11442_list_037.jpg#http://edftr76860385.godomall.com/goods/goods_view.php?goodsNo=11442
주식회사_홍시,매트리스 #:슈퍼싱글(SS) 포켓 매트리스,6,22,https://cdn-pro-web-209-40.cdn-nhncommerce.com/edftr76860385_godomall_com/data/commonimg/ico_noimg_35.gif#javascript:void();
소티디자인,디프2 속깊은 5단 서랍장 800 - 2color#색상:크림,6,22,https://cdn-pro-web-209-40.cdn-nhncommerce.com/edftr76860385_godomall_com/data/goods/t50_11437_list_0100.jpg#http://edftr76860385.godomall.com/goods/goods_view.php?goodsNo=11437
온우리가구,솔로리빙 오브제 800 높은 렌지대 주방 수납장#제품 선택:오브제 800 주방 수납장_색상 선택:화이트,6,22,https://cdn-pro-web-209-40.cdn-nhncommerce.com/edftr76860385_godomall_com/data/goods/22/11/46/15951/t50_15951_list_02.jpg#http://edftr76860385.godomall.com/goods/goods_view.php?goodsNo=15951
이지드롭,변기크리너 블루핸들+리필(라벤더향) 세트 변기청소 욕실청소 화장실 변기솔#상품선택:1)_블루핸들1개+라벤더향1팩(12개입),6,22,https://gi.esmplus.com/daon0605/동서가구/thumb_005.jpg#http://edftr76860385.godomall.com/goods/goods_view.php?goodsNo=16861
주식회사럼블,제이픽스 원목 협탁 사이드테이블 / 강화유리 협탁#색상선택:네츄럴,6,22,https://cdn-pro-web-209-40.cdn-nhncommerce.com/edftr76860385_godomall_com/data/goods/22/12/50/16410/t50_16410_list_030.jpg#http://edftr76860385.godomall.com/goods/goods_view.php?goodsNo=16410
소티디자인,클리프 책상의자 컴퓨터의자# ,5,40,https://cdn-pro-web-209-40.cdn-nhncommerce.com/edftr76860385_godomall_com/data/goods/t50_11365_list_040.jpg#http://edftr76860385.godomall.com/goods/goods_view.php?goodsNo=11365
도아르,팬트리장 속 깊은 냉장고 옆 수납장 600 멀티 렌지대#제품 선택:프레비제 광폭 600 멀티렌지대_색상 선택:화이트베이지,5,40,https://cdn-pro-web-209-40.cdn-nhncommerce.com/edftr76860385_godomall_com/data/goods/23/01/01/16589/t50_16589_list_043.jpg#http://edftr76860385.godomall.com/goods/goods_view.php?goodsNo=16589
프린홈,웨인스 사이드협탁#색상:메이플,5,40,https://cdn-pro-web-209-40.cdn-nhncommerce.com/edftr76860385_godomall_com/data/goods/23/02/08/18382/t50_18382_list_014.jpg#http://edftr76860385.godomall.com/goods/goods_view.php?goodsNo=18382
주식회사_홍시,리브우드 디오네 LED 헤드 3단수납침대 SS/Q 프레임 (매트리스 선택)#사이즈 + 컬러:슈퍼싱글(SS) + 화이트,5,40,https://cdn-pro-web-209-40.cdn-nhncommerce.com/edftr76860385_godomall_com/data/goods/23/04/13/20300/t50_20300_list_045.jpg#http://edftr76860385.godomall.com/goods/goods_view.php?goodsNo=20300
바오트,렉스 세라믹 원목 4인용 식탁 의자 세트#구성 선택:식탁세트,5,40,https://cdn-pro-web-209-40.cdn-nhncommerce.com/edftr76860385_godomall_com/data/goods/23/01/04/16895/t50_16895_list_013.jpg#http://edftr76860385.godomall.com/goods/goods_view.php?goodsNo=16895
주식회사_홍시,리브우드 원목 3단수납침대 LED 조명 헤드 SS/Q 프레임 (매트리스 선택)#사이즈 + 헤드타입:슈퍼싱글(SS) + 새턴(Saturn),5,40,https://cdn-pro-web-209-40.cdn-nhncommerce.com/edftr76860385_godomall_com/data/goods/23/03/11/18775/t50_18775_list_048.jpg#http://edftr76860385.godomall.com/goods/goods_view.php?goodsNo=18775
트라이스,VAIMAR 바이마르 뉴본 스텐 삼중바닥 냄비 캠핑 15종 풀세트(휴대용가방포함..# ,5,40,https://trys2023.speedgabia.com/sindo/2023/01.30/1.jpg#http://edftr76860385.godomall.com/goods/goods_view.php?goodsNo=21216
청사초롱,타원형 리프트 테이블 서랍형 거실 소파 유압식 리프트업 쇼파 좌식 티 테이..#색상:다크그레이,5,40,https://cdn-pro-web-209-40.cdn-nhncommerce.com/edftr76860385_godomall_com/data/goods/23/01/02/16769/t50_16769_list_094.jpg#http://edftr76860385.godomall.com/goods/goods_view.php?goodsNo=16769
청사초롱,타원형 리프트 테이블 서랍형 거실 소파 유압식 리프트업 쇼파 좌식 티 테이..#색상:화이트,5,40,https://cdn-pro-web-209-40.cdn-nhncommerce.com/edftr76860385_godomall_com/data/goods/23/01/05/16898/t50_16898_list_09.jpg#http://edftr76860385.godomall.com/goods/goods_view.php?goodsNo=16898
주식회사럼블,제이픽스 블랜드 아쿠아텍스 모듈 소파 2size#사이즈 선택:3인용소파,5,40,https://cdn-pro-web-209-40.cdn-nhncommerce.com/edftr76860385_godomall_com/data/goods/22/12/50/16334/t50_16334_list_010.jpg#http://edftr76860385.godomall.com/goods/goods_view.php?goodsNo=16334
케이컴퍼니,심플비800LPM긴문장 (옷장이불장)#색상:화이트_내부:옷장,4,50,http://kcompany.godohosting.com/kmall/simplebe/list/8d_1.jpg#http://edftr76860385.godomall.com/goods/goods_view.php?goodsNo=18097
바우미스트,네벨 원목 스툴#색상:가죽브라운,4,50,https://cdn-pro-web-209-40.cdn-nhncommerce.com/edftr76860385_godomall_com/data/goods/20/06/26//10355/t50_register_list_095.jpg#http://edftr76860385.godomall.com/goods/goods_view.php?goodsNo=10355
청송방,바이안 엘로스 1인용 리클라이너 소파 그레이 베이지#선택:그레이,4,50,https://cdn-pro-web-209-40.cdn-nhncommerce.com/edftr76860385_godomall_com/data/goods/23/01/01/16600/t50_16600_list_025.jpg#http://edftr76860385.godomall.com/goods/goods_view.php?goodsNo=16600
주식회사럼블,제이픽스 쉬크 템바보드 좌식 소파 테이블 4type#제품선택:슬림 A 타입(1200x500) - 원형다리_색상선택:화이트,4,50,https://cdn-pro-web-209-40.cdn-nhncommerce.com/edftr76860385_godomall_com/data/goods/22/12/50/16337/t50_16337_list_076.jpg#http://edftr76860385.godomall.com/goods/goods_view.php?goodsNo=16337
프린홈,파샤 저상형 SS/Q 침대 (매트선택)#사이즈:슈퍼싱글 SS_매트리스:침대프레임 (매트제외),4,50,https://cdn-pro-web-209-40.cdn-nhncommerce.com/edftr76860385_godomall_com/data/goods/23/01/01/16678/t50_16678_list_065.jpg#http://edftr76860385.godomall.com/goods/goods_view.php?goodsNo=16678
프린홈,라피네 침대 LED 사이드 협탁#색상:화이트,4,50,https://cdn-pro-web-209-40.cdn-nhncommerce.com/edftr76860385_godomall_com/data/goods/23/03/10/18671/t50_18671_list_057.jpg#http://edftr76860385.godomall.com/goods/goods_view.php?goodsNo=18671
주식회사럼블,제이픽스 빅키 5단 서랍장 4type#제품선택:그레이트 5단 서랍장 800_색상선택:무광올화이트,4,50,https://cdn-pro-web-209-40.cdn-nhncommerce.com/edftr76860385_godomall_com/data/goods/22/12/50/16332/t50_16332_list_090.jpg#http://edftr76860385.godomall.com/goods/goods_view.php?goodsNo=16332
소티디자인,디프2 속깊은 서랍장 1200 - 2color#색상:크림,4,50,https://cdn-pro-web-209-40.cdn-nhncommerce.com/edftr76860385_godomall_com/data/goods/t50_11547_list_088.jpg#http://edftr76860385.godomall.com/goods/goods_view.php?goodsNo=11547
소티디자인,문라이트 수납장 전신거울 - 3color#색상:오크,4,50,https://cdn-pro-web-209-40.cdn-nhncommerce.com/edftr76860385_godomall_com/data/goods/t50_11679_list_071.jpg#http://edftr76860385.godomall.com/goods/goods_view.php?goodsNo=11679
더나무,아마즈 거실장 1단 1200#색상:화이트+오크i,4,50,https://cdn-pro-web-209-40.cdn-nhncommerce.com/edftr76860385_godomall_com/data/goods/23/01/02/16783/t50_16783_list_085.jpg#http://edftr76860385.godomall.com/goods/goods_view.php?goodsNo=16783
바우미스트,미르 원목 거실 소파 테이블 1200# ,4,50,https://cdn-pro-web-209-40.cdn-nhncommerce.com/edftr76860385_godomall_com/data/goods/22/01/03//12410/t50_register_list_098.jpg#http://edftr76860385.godomall.com/goods/goods_view.php?goodsNo=12410
프린홈,플랫 서랍형 책상 세트 (1000/1200) 3color#사이즈:플랫 1200 책상_색상:화이트,4,50,https://cdn-pro-web-209-40.cdn-nhncommerce.com/edftr76860385_godomall_com/data/goods/23/03/12/18780/t50_18780_list_045.jpg#http://edftr76860385.godomall.com/goods/goods_view.php?goodsNo=18780
프린홈,마니또 아쿠아 패브릭 1인/2인 소파+쿠션 2colors#색상:스카이블루_사이즈:2인용 소파,4,50,https://cdn-pro-web-209-40.cdn-nhncommerce.com/edftr76860385_godomall_com/data/goods/23/01/05/16920/t50_16920_list_021.jpg#http://edftr76860385.godomall.com/goods/goods_view.php?goodsNo=16920
바우미스트,클랑 원목 스툴#색상:그레이,4,50,https://cdn-pro-web-209-40.cdn-nhncommerce.com/edftr76860385_godomall_com/data/goods/20/06/26//10356/t50_register_list_026.jpg#http://edftr76860385.godomall.com/goods/goods_view.php?goodsNo=10356
소티디자인,라떼 거실장 1500 - 2color#색상:캄포베니어,4,50,https://cdn-pro-web-209-40.cdn-nhncommerce.com/edftr76860385_godomall_com/data/goods/21/12/49/12255/t50_12255_list_072.jpg#http://edftr76860385.godomall.com/goods/goods_view.php?goodsNo=12255
주식회사_홍시,리브우드 디오네 LED 헤드 3단수납침대 SS/Q 프레임 (매트리스 선택)#사이즈 + 컬러:퀸(Q) + 화이트,4,50,https://cdn-pro-web-209-40.cdn-nhncommerce.com/edftr76860385_godomall_com/data/goods/23/04/13/20300/t50_20300_list_045.jpg#http://edftr76860385.godomall.com/goods/goods_view.php?goodsNo=20300
주식회사_홍시,로티에 마일로 무빙헤드 3인용 가죽 소파 헤드틸팅 쇼파#컬러 + 스툴선택:그레이 + 스툴포함,4,50,https://cdn-pro-web-209-40.cdn-nhncommerce.com/edftr76860385_godomall_com/data/goods/23/03/11/18689/t50_18689_list_096.jpg#http://edftr76860385.godomall.com/goods/goods_view.php?goodsNo=18689
주식회사럼블,제이픽스 쉬크 템바보드 좌식 소파 테이블 4type#제품선택:B 타입(1200x600) - 일자다리_색상선택:네츄럴,4,50,https://cdn-pro-web-209-40.cdn-nhncommerce.com/edftr76860385_godomall_com/data/goods/22/12/50/16337/t50_16337_list_076.jpg#http://edftr76860385.godomall.com/goods/goods_view.php?goodsNo=16337
프린홈,리프트업 거실 소파 테이블 1000#컬러:라이트월넛,4,50,https://cdn-pro-web-209-40.cdn-nhncommerce.com/edftr76860385_godomall_com/data/goods/23/01/04/16863/t50_16863_list_018.jpg#http://edftr76860385.godomall.com/goods/goods_view.php?goodsNo=16863
도아르,1800 넓은 디자인 서재 대학생 책상#책상선택:720 ㄹ형 낮은 책장 + 1800상판_색상선택:오크,4,50,https://cdn-pro-web-209-40.cdn-nhncommerce.com/edftr76860385_godomall_com/data/goods/22/12/50/16394/t50_16394_list_030.jpg#http://edftr76860385.godomall.com/goods/goods_view.php?goodsNo=16394
크렌시아,빈스 헤드리스 벙커 포서랍 SS/Q 침대 (매트선택)#사이즈:슈퍼싱글 SS_색상:화이트_매트리스:침대프레임 (매트제외),4,50,https://cdn-pro-web-209-40.cdn-nhncommerce.com/edftr76860385_godomall_com/data/goods/23/01/01/16635/t50_16635_list_017.jpg#http://edftr76860385.godomall.com/goods/goods_view.php?goodsNo=16635
주식회사_홍시,리브우드 무헤드 3단 수납침대 SS/Q 프레임 (매트리스 선택)#사이즈 + 컬러:슈퍼싱글(SS) + 아카시아,4,50,https://cdn-pro-web-209-40.cdn-nhncommerce.com/edftr76860385_godomall_com/data/goods/23/03/11/18722/t50_18722_list_092.jpg#http://edftr76860385.godomall.com/goods/goods_view.php?goodsNo=18722
케이컴퍼니,이음2400장롱세트DCM (긴문옷장+3서랍도어옷장+거울이불장)#색상:화이트,4,50,http://kcompany.godohosting.com/kmall/eeum/list/eeum-24dcm-4.jpg#http://edftr76860385.godomall.com/goods/goods_view.php?goodsNo=16271
크렌시아,몬테 광폭 서랍장 4type (5colors)#모델:5단 1000 서랍장_색상:화이트,4,50,https://cdn-pro-web-209-40.cdn-nhncommerce.com/edftr76860385_godomall_com/data/goods/23/01/01/16625/t50_16625_list_040.jpg#http://edftr76860385.godomall.com/goods/goods_view.php?goodsNo=16625
소티디자인,디프 1200 속깊은 서랍장 - 2color#색상:아이보리,4,50,https://cdn-pro-web-209-40.cdn-nhncommerce.com/edftr76860385_godomall_com/data/goods/22/05/20/14816/t50_14816_list_07.jpg#http://edftr76860385.godomall.com/goods/goods_view.php?goodsNo=14816
프린홈,위크 LED 리노 서랍 침대 SS/Q (매트선택)#사이즈:슈퍼싱글 SS_매트리스:침대프레임 (매트제외)_색상:화이트,4,50,https://cdn-pro-web-209-40.cdn-nhncommerce.com/edftr76860385_godomall_com/data/goods/23/01/05/16902/t50_16901_list_035.jpg#http://edftr76860385.godomall.com/goods/goods_view.php?goodsNo=16902
크렌시아,수납 서랍 화장대 8종#색상:사라 화장대 / 메이플,4,50,https://cdn-pro-web-209-40.cdn-nhncommerce.com/edftr76860385_godomall_com/data/goods/23/03/10/18614/t50_18614_list_049.jpg#http://edftr76860385.godomall.com/goods/goods_view.php?goodsNo=18614
주식회사_홍시,리브우드 유벤 LED 헤드 3단수납침대 SS/Q 프레임 (매트리스 선택)#사이즈 + 컬러:퀸(Q) + 그레이,4,50,https://cdn-pro-web-209-40.cdn-nhncommerce.com/edftr76860385_godomall_com/data/goods/23/03/11/18724/t50_18724_list_07.jpg#http://edftr76860385.godomall.com/goods/goods_view.php?goodsNo=18724
주식회사럼블,제이픽스 쉬크 템바보드 좌식 소파 테이블 4type#제품선택:A 타입(1200x600) - 원형다리_색상선택:네츄럴,4,50,https://cdn-pro-web-209-40.cdn-nhncommerce.com/edftr76860385_godomall_com/data/goods/22/12/50/16337/t50_16337_list_076.jpg#http://edftr76860385.godomall.com/goods/goods_view.php?goodsNo=16337
케이컴퍼니,이음300/400/500/800 모듈시스템장롱시리즈#상품:800긴문이불장_색상:화이트,4,50,http://kcompany.godohosting.com/kmall/eeum/list/eeum-all-1.jpg#http://edftr76860385.godomall.com/goods/goods_view.php?goodsNo=16172
케이컴퍼니,이음300/400/500/800 모듈시스템장롱시리즈#상품:800긴문옷장_색상:화이트,4,50,http://kcompany.godohosting.com/kmall/eeum/list/eeum-all-1.jpg#http://edftr76860385.godomall.com/goods/goods_view.php?goodsNo=16172
소티디자인,리브로 3단 와이드 투톤 1740 책장 - 2color#색상:내츄럴크림화이트,4,50,https://cdn-pro-web-209-40.cdn-nhncommerce.com/edftr76860385_godomall_com/data/goods/t50_11527_list_066.jpg#http://edftr76860385.godomall.com/goods/goods_view.php?goodsNo=11527
케이컴퍼니,이음2000장롱세트CSD (3서랍도어옷장+400오픈선반장+긴문옷장)#색상:화이트,4,50,http://kcompany.godohosting.com/kmall/eeum/list/eeum-20csd-1.jpg#http://edftr76860385.godomall.com/goods/goods_view.php?goodsNo=16269
이지드롭,변기크리너 레몬향(핸들미포함) 변기청소 욕실청소 화장실 변기솔#상품선택:2)_레몬향2팩(24개입)-핸들미포함,4,50,https://gi.esmplus.com/daon0605/동서가구/thumb_011.jpg#http://edftr76860385.godomall.com/goods/goods_view.php?goodsNo=16865
